{
    "description": "项目配置文件",
    "packOptions": {
        "ignore": [],
        "include": []
    },
    "setting": {
        "urlCheck": false,
        "es6": true,
        "enhance": false,
        "postcss": false,
        "preloadBackgroundData": false,
        "minified": false,
        "newFeature": true,
        "coverView": true,
        "nodeModules": false,
        "autoAudits": false,
        "showShadowRootInWxmlPanel": true,
        "scopeDataCheck": false,
        "checkInvalidKey": true,
        "checkSiteMap": true,
        "uploadWithSourceMap": true,
        "babelSetting": {
            "ignore": [],
            "disablePlugins": [],
            "outputPath": ""
        }
    },
    "compileType": "miniprogram",
    "libVersion": "2.10.0",
    "appid": "wx46e1544b7c40c440",
    "projectname": "%E5%BE%AE%E6%93%8E%E5%8E%BB%E6%B0%B4%E5%8D%B0%E8%93%9D%E8%89%B2",
    "cloudfunctionTemplateRoot": "",
    "simulatorType": "wechat",
    "simulatorPluginLibVersion": {},
    "condition": {},
    "editorSetting": {
        "tabIndent": "insertSpaces",
        "tabSize": 4
    }
}